population,school_count,distance_k,gap,category,geom
12593.9677734375,0,0.290492586,3778.19033203125,High Deficit,"MULTIPOLYGON (((66.97977454098549 24.92497623727813, 66.97981138022669 24.922716324845386, 66.97920487500005 24.922424969000076, 66.97849781400004 24.922092550000063, 66.97831970700008 24.92246719000008, 66.97784065800005 24.923529695000067, 66.97768097500006 24.923990319000037, 66.97749058400007 24.924438659000035, 66.97727808045238 24.92494237468525, 66.97977454098549 24.92497623727813)))"
0,0,1.747948287,0,Adequate,"MULTIPOLYGON (((66.97970096408275 24.929489007970854, 66.97977454098549 24.92497623727813, 66.97727808045238 24.92494237468525, 66.97699311100007 24.92561785500004, 66.97648949600006 24.92669878500004, 66.97594903100003 24.928105222000053, 66.97542084900005 24.92938268500006, 66.9753998906555 24.92943063127412, 66.97970096408275 24.929489007970854)))"
16607.373046875,0,0.148199267,4982.2119140625,High Deficit,"MULTIPOLYGON (((66.98974543569608 24.920597279314823, 66.98981814284339 24.91611373317568, 66.98973220300007 24.91612232700004, 66.98959282800007 24.916153686000033, 66.98947087500005 24.916233827000042, 66.98919212500005 24.916484702000048, 66.98905097100004 24.916675242000053, 66.98862266800006 24.917170170000077, 66.98831809700005 24.917627027000037, 66.98779461600003 24.91846459700003, 66.98754334500006 24.91894477200003, 66.98729083700005 24.91942478800007, 66.98722604000005 24.91949768600006, 66.98716934200007 24.919635380000038, 66.98715584300004 24.920034964000024, 66.9871435247615 24.920562164189196, 66.98974543569608 24.920597279314823)))"
9934.443359,0,1.272896543,2980.3330078125,Moderate Deficit,"MULTIPOLYGON (((66.9847233798087 24.925043240898844, 66.98967223641293 24.92511008041692, 66.98974543569608 24.920597279314823, 66.9871435247615 24.920562164189196, 66.98714234300007 24.92061274100007, 66.98715584300004 24.92087733100004, 66.98716934200007 24.921201318000044, 66.98721254000003 24.921436208000042, 66.98725843900007 24.921808794000075, 66.98734483500004 24.92211658100007, 66.98736373400004 24.922359572000058, 66.98734483500004 24.92256746300006, 66.98730433700007 24.922626861000023, 66.98718824100007 24.92270515800004, 66.98707484600004 24.922751056000042, 66.98689395300005 24.922721357000054, 66.98659696500005 24.922626861000026, 66.98641337200007 24.92258636300005, 66.98628107800005 24.922626861000023, 66.98598948900008 24.922788855000075, 66.98536041400007 24.923129041000035, 66.98488523300006 24.923361232000047, 66.98474964681188 24.92342795775492, 66.9847233798087 24.925043240898844)))"
12786.60547,0,0.774318099,3835.981641,High Deficit,"MULTIPOLYGON (((66.97977454098549 24.92497623727813, 66.9847233798087 24.925043240898844, 66.98474964681188 24.92342795775492, 66.98419946000007 24.923698718000022, 66.98354608600005 24.92401730600005, 66.98324909800004 24.924173899000035, 66.98306820600004 24.92425489600003, 66.98293051100006 24.92428999500004, 66.98286571400007 24.924271095000048, 66.98266322200004 24.924117202000044, 66.98224479200007 24.923838677000052, 66.98143660000005 24.923465666000023, 66.98065949300008 24.923123739000058, 66.97981138022669 24.922716324845386, 66.97977454098549 24.92497623727813)))"
11077.2509765625,1,0,2823.17529296875,Moderate Deficit,"MULTIPOLYGON (((66.9847233798087 24.925043240898844, 66.98464998284561 24.929556025346656, 66.98959901939233 24.929622878586162, 66.98967223641293 24.92511008041692, 66.9847233798087 24.925043240898844)))"
11607.3349609375,0,0.01090864,3482.20048828125,High Deficit,"MULTIPOLYGON (((66.97977454098549 24.92497623727813, 66.97970096408275 24.929489007970854, 66.98464998284561 24.929556025346656, 66.9847233798087 24.925043240898844, 66.97977454098549 24.92497623727813)))"
15464.70703,1,0,4139.412109,High Deficit,"MULTIPOLYGON (((66.98464998284561 24.929556025346656, 66.98457656809867 24.934068806860214, 66.98952578463143 24.934135673822112, 66.98959901939233 24.929622878586162, 66.98464998284561 24.929556025346656)))"
10369.7841796875,3,0,1610.93525390625,Moderate Deficit,"MULTIPOLYGON (((66.97970096408275 24.929489007970854, 66.97962736935261 24.93400177572834, 66.98457656809867 24.934068806860214, 66.98464998284561 24.929556025346656, 66.97970096408275 24.929489007970854)))"
16379.3994140625,1,0,4413.81982421875,High Deficit,"MULTIPOLYGON (((66.97962736935261 24.93400177572834, 66.9795537567922 24.938514540550177, 66.98450313556503 24.938581585439092, 66.98457656809867 24.934068806860214, 66.97962736935261 24.93400177572834)))"
9325.994141,2,0,1797.7982421875,Moderate Deficit,"MULTIPOLYGON (((66.98457656809867 24.934068806860214, 66.98450313556503 24.938581585439092, 66.98945253212742 24.93864846612435, 66.98952578463143 24.934135673822112, 66.98457656809867 24.934068806860214)))"
16414.373046875,6,0,1924.3119140625,Moderate Deficit,"MULTIPOLYGON (((66.97962736935261 24.93400177572834, 66.97970096408275 24.929489007970854, 66.9753998906555 24.92943063127412, 66.97497250900005 24.93040834000004, 66.97483125100007 24.93078298000006, 66.97481282600006 24.930893530000045, 66.97504006700007 24.930942663000057, 66.97542699100006 24.93102250500004, 66.97627453800004 24.931176046000076, 66.97704838600005 24.93136643700006, 66.97732476000004 24.931470845000035, 66.97734932600008 24.931612103000077, 66.97726948500008 24.931894619000047, 66.97718350200006 24.93215256800005, 66.97710980200003 24.932588625000044, 66.97682728600006 24.93325192300006, 66.976613072248 24.93396087002551, 66.97962736935261 24.93400177572834)))"
18218.771484375,2,0,4465.6314453125,High Deficit,"MULTIPOLYGON (((66.9795537567922 24.938514540550177, 66.97962736935261 24.93400177572834, 66.976613072248 24.93396087002551, 66.97656933700006 24.934105612000046, 66.97635437900004 24.934738201000073, 66.97617627200003 24.935198825000043, 66.97594903100003 24.935665590000042, 66.97581391400007 24.936083222000036, 66.97577092300003 24.936439438000036, 66.97571564800006 24.93674652000004, 66.97571564800006 24.937010611000062, 66.97572793100005 24.937225569000077, 66.97582619800005 24.937428243000053, 66.97601044700008 24.937686192000058, 66.97612713800004 24.937827450000043, 66.97664303700003 24.93830035700005, 66.97683368263132 24.938477624072142, 66.9795537567922 24.938514540550177)))"
370.05963134765625,0,1.119526913,111.017889404297,Low Deficit,"MULTIPOLYGON (((66.9795537567922 24.938514540550177, 66.97683368263132 24.938477624072142, 66.97699311100007 24.93862586400007, 66.97734318500005 24.939012788000067, 66.97758885100006 24.939319870000077, 66.97796349100008 24.93966380300003, 66.97831356500008 24.939934035000082, 66.97892158800005 24.940370092000027, 66.97951697908015 24.940768761077795, 66.9795537567922 24.938514540550177)))"
9941.931641,8,0,-1017.420508,Adequate,"MULTIPOLYGON (((66.97940647816917 24.947540061385236, 66.97942772076047 24.946238544534914, 66.97908306300008 24.946276840000046, 66.97889044800007 24.946276840000056, 66.97870585900006 24.946164481000043, 66.97827247600003 24.945899636000036, 66.97771870800005 24.94562676500004, 66.97744583700006 24.945530457000075, 66.97690812100006 24.945562560000038, 66.97656302000007 24.945731098000067, 66.97613766200004 24.94594778900006, 66.97597715000006 24.94610027600003, 66.97592097000006 24.946349070000053, 66.97586479100005 24.94667009500006, 66.97580058600005 24.94723991400008, 66.97576759484896 24.94749064705669, 66.97940647816917 24.947540061385236)))"
10637.916015625,3,0,1691.3748046875,Moderate Deficit,"MULTIPOLYGON (((66.98442968524186 24.943094361082885, 66.98450313556503 24.938581585439092, 66.9795537567922 24.938514540550177, 66.97951697908015 24.940768761077795, 66.97958065100005 24.940811395000026, 66.97987906100008 24.941033780000055, 66.98009429100006 24.941148471000076, 66.98070423700005 24.941445419000043, 66.98116169800005 24.94167816200007, 66.98150679900004 24.941878802000076, 66.98164323400005 24.942175750000043, 66.98172349100008 24.942432570000054, 66.98173151600008 24.94296226000006, 66.98172417250828 24.94305772607114, 66.98442968524186 24.943094361082885)))"
16207.25,3,0,3362.175,High Deficit,"MULTIPOLYGON (((66.98450313556503 24.938581585439092, 66.98442968524186 24.943094361082885, 66.98937926187745 24.94316125549247, 66.98945253212742 24.93864846612435, 66.98450313556503 24.938581585439092)))"
11194.66016,0,0.851684213,3358.398047,High Deficit,"MULTIPOLYGON (((66.97940647816917 24.947540061385236, 66.98435621712633 24.947607133791156, 66.98442968524186 24.943094361082885, 66.98172417250828 24.94305772607114, 66.98169138800006 24.94348392500006, 66.98165928600008 24.943732719000028, 66.98149877300006 24.944158077000054, 66.98139444000003 24.944374769000028, 66.98096105700006 24.944848280000027, 66.98039123800004 24.945466252000077, 66.97977326600005 24.946036071000034, 66.97951644600005 24.94622868600004, 66.97942772076047 24.946238544534914, 66.97940647816917 24.947540061385236)))"
7074.1474609375,0,0.214259521,2122.24423828125,Moderate Deficit,"MULTIPOLYGON (((66.98442968524186 24.943094361082885, 66.98435621712633 24.947607133791156, 66.9893059738787 24.947674041926046, 66.98937926187745 24.94316125549247, 66.98442968524186 24.943094361082885)))"
40.01254653930664,0,1.546102686,12.003763961792,Low Deficit,"MULTIPOLYGON (((66.98937926187745 24.94316125549247, 66.9893059738787 24.947674041926046, 66.99425574838268 24.947740785787595, 66.99432885626182 24.943227985662393, 66.98937926187745 24.94316125549247)))"
0,0,0.471484541,0,Adequate,"MULTIPOLYGON (((66.97940647816917 24.947540061385236, 66.97933281210088 24.95205281739762, 66.98428273121559 24.9521199035635, 66.98435621712633 24.947607133791156, 66.97940647816917 24.947540061385236)))"
7554.956054687501,0,0.060790242,2266.48681640625,Moderate Deficit,"MULTIPOLYGON (((66.98435621712633 24.947607133791156, 66.98428273121559 24.9521199035635, 66.98923266812832 24.952186825424665, 66.9893059738787 24.947674041926046, 66.98435621712633 24.947607133791156)))"
1592.564208984375,0,0.345752347,477.769262695312,Low Deficit,"MULTIPOLYGON (((66.97933281210088 24.95205281739762, 66.97925912819092 24.95656557047269, 66.98420922750677 24.9566326703995, 66.98428273121559 24.9521199035635, 66.97933281210088 24.95205281739762)))"
312.634033203125,0,0.245613505,93.7902099609375,Low Deficit,"MULTIPOLYGON (((66.98428273121559 24.9521199035635, 66.98420922750677 24.9566326703995, 66.9891593446235 24.956699605987914, 66.98923266812832 24.952186825424665, 66.98428273121559 24.9521199035635)))"
7420.101563,0,0.082492211,2226.030469,Moderate Deficit,"MULTIPOLYGON (((66.98923266812832 24.952186825424665, 66.9891593446235 24.956699605987914, 66.99410947949754 24.95676637723561, 66.99418262279553 24.9522535829788, 66.98923266812832 24.952186825424665)))"
12905.888671875,6,0,871.7666016,Low Deficit,"MULTIPOLYGON (((66.96440893748485 24.956363284685114, 66.96935898313636 24.956430877613162, 66.96939580267978 24.95418700007917, 66.96924013400007 24.954217374000056, 66.96878803600003 24.95427686100004, 66.96837163000004 24.95441962800004, 66.96807419800007 24.954550499000042, 66.96774107300007 24.954907418000058, 66.96718190000007 24.955419002000042, 66.96696774800006 24.955704537000027, 66.96675359700004 24.95568074300007, 66.96659893200007 24.955561770000028, 66.96634908900006 24.955311926000032, 66.96608734800003 24.955121569000024, 66.96586129900004 24.955002596000043, 66.96558766100004 24.95497880200002, 66.96538540700004 24.95510967200004, 66.96511176900003 24.955466591000064, 66.96494520700003 24.95572833200003, 66.96483813100008 24.95600197000004, 66.96468346600005 24.95595438100003, 66.96441807686294 24.955807686611042, 66.96440893748485 24.956363284685114)))"
7957.46533203125,0,1.874211478,2387.23959960938,Moderate Deficit,"MULTIPOLYGON (((66.96440893748485 24.956363284685114, 66.96441807686294 24.955807686611042, 66.96231590200006 24.95464567700003, 66.96168534500003 24.955573667000063, 66.96120489419155 24.956319445700025, 66.96440893748485 24.956363284685114)))"
2719.4619140625,0,0.87394944,815.83857421875,Low Deficit,"MULTIPOLYGON (((66.96440893748485 24.956363284685114, 66.96433469501326 24.960875993334586, 66.96928492090096 24.96094360012561, 66.96935898313636 24.956430877613162, 66.96440893748485 24.956363284685114)))"
9767.0146484375,0,0.29897783,2930.10439453125,Moderate Deficit,"MULTIPOLYGON (((66.97438291082783 24.95198556692936, 66.97444122530767 24.948422060443114, 66.97431584700009 24.94854006300005, 66.97414730900006 24.948724653000053, 66.97406705300006 24.948877139000047, 66.97393864300005 24.949166061000025, 66.97380220800005 24.949567342000023, 66.97377875100007 24.949855971000026, 66.97374921200003 24.950600594000036, 66.97377300700003 24.951231151000055, 66.97383249300003 24.95173083800006, 66.97391848172485 24.951979248647948, 66.97438291082783 24.95198556692936)))"
1534.95751953125,0,0.736422702,460.487255859375,Low Deficit,"MULTIPOLYGON (((66.97438291082783 24.95198556692936, 66.97933281210088 24.95205281739762, 66.97940647816917 24.947540061385236, 66.97576759484896 24.94749064705669, 66.97576045800008 24.947544887000042, 66.97564809900007 24.947649220000073, 66.97531102400006 24.947833809000024, 66.97482948700008 24.948106680000024, 66.97458871800006 24.948283244000034, 66.97444122530767 24.948422060443114, 66.97438291082783 24.95198556692936)))"
17219.53125,0,0.144996623,5165.859375,High Deficit,"MULTIPOLYGON (((66.97438291082783 24.95198556692936, 66.97391848172485 24.951979248647948, 66.97393956900004 24.952040167000064, 66.97420131000007 24.952432779000045, 66.97437383907847 24.952539865907614, 66.97438291082783 24.95198556692936)), ((66.96935898313636 24.956430877613162, 66.97430904671958 24.956498306209806, 66.97434585904499 24.95424938837967, 66.97404664500004 24.95428875800008, 66.97342798500006 24.954395834000024, 66.97305916900007 24.954479115000026, 66.97266655800007 24.95443152600006, 66.97235722800008 24.954383937000046, 66.97211928200005 24.95421737400005, 66.97195271900006 24.954062709000027, 66.97158390300007 24.95393183900006, 66.97106042100006 24.953908044000052, 66.97021571300007 24.954027017000044, 66.96939580267978 24.95418700007917, 66.96935898313636 24.956430877613162)))"
18306.85938,0,0.072591292,5492.057813,High Deficit,"MULTIPOLYGON (((66.97430904671958 24.956498306209806, 66.97925912819092 24.95656557047269, 66.97933281210088 24.95205281739762, 66.97438291082783 24.95198556692936, 66.97437383907847 24.952539865907614, 66.97454633200005 24.952646930000075, 66.97498653200006 24.95284918400006, 66.97537914300005 24.953003849000023, 66.97578365100003 24.95321800100003, 66.97604539200006 24.953408358000043, 66.97606918700006 24.95362250900007, 66.97600970000008 24.953789071000074, 66.97585503500005 24.95391994200003, 66.97562898700005 24.954038915000073, 66.97495084000008 24.954169785000033, 66.97434585904499 24.95424938837967, 66.97430904671958 24.956498306209806)))"
15047.2373046875,0,0.350470928,4514.17119140625,High Deficit,"MULTIPOLYGON (((66.96935898313636 24.956430877613162, 66.96928492090096 24.96094360012561, 66.97423516472323 24.961011042551537, 66.97430904671958 24.956498306209806, 66.96935898313636 24.956430877613162)))"
15022.03516,0,0.307664067,4506.610547,High Deficit,"MULTIPOLYGON (((66.97430904671958 24.956498306209806, 66.97423516472323 24.961011042551537, 66.97918542643647 24.961078320610024, 66.97925912819092 24.95656557047269, 66.97430904671958 24.956498306209806)))"
14338.966796875,7,0,801.6900391,Low Deficit,"MULTIPOLYGON (((66.97925912819092 24.95656557047269, 66.97918542643647 24.961078320610024, 66.98413570599708 24.961145434298746, 66.98420922750677 24.9566326703995, 66.97925912819092 24.95656557047269)))"
13959.1318359375,0,0.426738694,4187.73955078125,High Deficit,"MULTIPOLYGON (((66.97423516472323 24.961011042551537, 66.9741612648359 24.965523775954143, 66.97911170683466 24.965591067809207, 66.97918542643647 24.961078320610024, 66.97423516472323 24.961011042551537)))"
1441.2392578125,0,0.91984304,432.37177734375,Low Deficit,"MULTIPOLYGON (((66.95938448710378 24.960808222180802, 66.96433469501326 24.960875993334586, 66.96440893748485 24.956363284685114, 66.96120489419155 24.956319445700025, 66.96088822600007 24.95681098700004, 66.96059079300005 24.957263084000033, 66.95992454400005 24.957869847000037, 66.95942530324793 24.958333430342115, 66.95938448710378 24.960808222180802)))"
14278.966796875,1,0,3783.6900390625,High Deficit,"MULTIPOLYGON (((66.95938448710378 24.960808222180802, 66.95942530324793 24.958333430342115, 66.95892517000004 24.958797837000073, 66.95787820700008 24.959821005000038, 66.95749749400005 24.960154129000045, 66.95734282900008 24.96066571400007, 66.9573170273031 24.960779868752713, 66.95938448710378 24.960808222180802)))"
14847.7568359375,1,0,3954.32705078125,High Deficit,"MULTIPOLYGON (((66.96433469501326 24.960875993334586, 66.9642604345635 24.96538869904296, 66.96921084073098 24.96545631969795, 66.96928492090096 24.96094360012561, 66.96433469501326 24.960875993334586)))"
13676.58984,1,0,3602.976953,High Deficit,"MULTIPOLYGON (((66.95931004637708 24.965320913991526, 66.95938448710378 24.960808222180802, 66.9573170273031 24.960779868752713, 66.95695021800003 24.962402720000057, 66.95666468200005 24.963532964000017, 66.95655738800008 24.963790604000053, 66.95644241600007 24.96406476700002, 66.95632744400007 24.964347774000036, 66.95630091200007 24.96461309400007, 66.95627438000008 24.964887257000044, 66.95625669200007 24.965055292000045, 66.95611899852193 24.965277132098837, 66.95931004637708 24.965320913991526)))"
13808.904296875,2,0,3142.6712890625,High Deficit,"MULTIPOLYGON (((66.95938448710378 24.960808222180802, 66.95931004637708 24.965320913991526, 66.9642604345635 24.96538869904296, 66.96433469501326 24.960875993334586, 66.95938448710378 24.960808222180802)))"
16556.66797,0,0.484316454,4967.000391,High Deficit,"MULTIPOLYGON (((66.96913674262355 24.96996903632976, 66.96921084073098 24.96545631969795, 66.9642604345635 24.96538869904296, 66.96424806909003 24.966140025524034, 66.96460251000009 24.96623873000004, 66.96508183600008 24.966254979000038, 66.96552054000006 24.966173737000076, 66.96614610100005 24.966092496000044, 66.96653606000007 24.96597875700007, 66.96677166100005 24.96583252300007, 66.96701538600009 24.965743157000077, 66.96805527800007 24.96575940500003, 66.96758999200006 24.96917135500007, 66.96747177979438 24.969946308118214, 66.96913674262355 24.96996903632976)))"
522.5292969,0,0.878878094,156.7587891,Low Deficit,"MULTIPOLYGON (((66.95931004637708 24.965320913991526, 66.95611899852193 24.965277132098837, 66.95609750100006 24.965311767000063, 66.95574374200004 24.96581587400004, 66.95540767100005 24.96639957600007, 66.95497431700005 24.967062874000078, 66.95462055800004 24.967602356000047, 66.95442599000006 24.967991491000078, 66.95431101900004 24.96819490200005, 66.95620362900007 24.969096988000047, 66.95703496200008 24.969477278000056, 66.95728259300006 24.96955687400003, 66.95745947300003 24.969211959000063, 66.95754791200005 24.968928952000056, 66.95771594800004 24.968292186000042, 66.95777785600006 24.968141839000054, 66.95925583895404 24.96860634793917, 66.95931004637708 24.965320913991526)))"
8099.820313,0,0.270908954,2429.946094,Moderate Deficit,"MULTIPOLYGON (((66.9642604345635 24.96538869904296, 66.95931004637708 24.965320913991526, 66.95925583895404 24.96860634793917, 66.95932555100006 24.96862825700003, 66.95952896200004 24.96727512900003, 66.96081133800004 24.967452009000056, 66.96104128100006 24.96557708700004, 66.96320645100008 24.965858775000072, 66.96396070200007 24.96605999900004, 66.96424806909003 24.966140025524034, 66.9642604345635 24.96538869904296)))"
14921.97656,0,0.464368977,4476.592969,High Deficit,"MULTIPOLYGON (((66.98420922750677 24.9566326703995, 66.98413570599708 24.961145434298746, 66.98908600336141 24.961212383615383, 66.9891593446235 24.956699605987914, 66.98420922750677 24.9566326703995)))"
7169.777344,0,0.011124688,2150.933203,Moderate Deficit,"MULTIPOLYGON (((66.9891593446235 24.956699605987914, 66.98908600336141 24.961212383615383, 66.99403631848585 24.961279168557603, 66.99410947949754 24.95676637723561, 66.9891593446235 24.956699605987914)))"
10663.38281,2,0,2199.014844,Moderate Deficit,"MULTIPOLYGON (((66.98908600336141 24.961212383615383, 66.98901264433917 24.96572515830664, 66.99396313975767 24.965791956944358, 66.99403631848585 24.961279168557603, 66.98908600336141 24.961212383615383)))"
2964.783447265625,0,0.899861823,889.435034179687,Low Deficit,"MULTIPOLYGON (((66.98413570599708 24.961145434298746, 66.98406216668363 24.965658195260815, 66.98901264433917 24.96572515830664, 66.98908600336141 24.961212383615383, 66.98413570599708 24.961145434298746)))"
13095.87891,0,0.652328295,3928.763672,High Deficit,"MULTIPOLYGON (((66.97918542643647 24.961078320610024, 66.97911170683466 24.965591067809207, 66.98406216668363 24.965658195260815, 66.98413570599708 24.961145434298746, 66.97918542643647 24.961078320610024)))"
4755.5634765625,0,0.569313481,1426.66904296875,Moderate Deficit,"MULTIPOLYGON (((66.98901264433917 24.96572515830664, 66.98893926755397 24.970237930061273, 66.99388994331015 24.970304742395463, 66.99396313975767 24.965791956944358, 66.98901264433917 24.96572515830664)))"
3125.663818359375,0,0.951828549,937.699145507813,Low Deficit,"MULTIPOLYGON (((66.98406216668363 24.965658195260815, 66.9839886095636 24.97017095328529, 66.98893926755397 24.970237930061273, 66.98901264433917 24.96572515830664, 66.98406216668363 24.965658195260815)))"
17777.45313,0,0.019463233,5333.235938,High Deficit,"MULTIPOLYGON (((66.97911170683466 24.965591067809207, 66.97903796938265 24.970103812069823, 66.9839886095636 24.97017095328529, 66.98406216668363 24.965658195260815, 66.97911170683466 24.965591067809207)))"
920.9998779296877,0,1.795790638,276.299963378906,Low Deficit,"MULTIPOLYGON (((66.98893926755397 24.970237930061273, 66.98886587300298 24.97475069887888, 66.99381672914046 24.974817524910502, 66.99388994331015 24.970304742395463, 66.98893926755397 24.970237930061273)))"
7033.58740234375,0,0.087266363,2110.07622070312,Moderate Deficit,"MULTIPOLYGON (((66.9839886095636 24.97017095328529, 66.98391503463415 24.974683708371753, 66.98886587300298 24.97475069887888, 66.98893926755397 24.970237930061273, 66.9839886095636 24.97017095328529)))"
18308.595703125,0,0.472956581,5492.5787109375,High Deficit,"MULTIPOLYGON (((66.96928492090096 24.96094360012561, 66.96921084073098 24.96545631969795, 66.9741612648359 24.965523775954143, 66.97423516472323 24.961011042551537, 66.96928492090096 24.96094360012561)))"
2907.177978515625,0,0.865164619,872.153393554687,Low Deficit,"MULTIPOLYGON (((66.9741612648359 24.965523775954143, 66.97408734705476 24.970036506417202, 66.97903796938265 24.970103812069823, 66.97911170683466 24.965591067809207, 66.9741612648359 24.965523775954143)))"
11899.228515625,0,0.293219905,3569.7685546875,High Deficit,"MULTIPOLYGON (((66.96921084073098 24.96545631969795, 66.96913674262355 24.96996903632976, 66.97408734705476 24.970036506417202, 66.9741612648359 24.965523775954143, 66.96921084073098 24.96545631969795)))"
8529.152344,0,0.461347698,2558.745703,Moderate Deficit,"MULTIPOLYGON (((66.97408734705476 24.970036506417202, 66.97401341137692 24.97454923394031, 66.97896421407756 24.974616553391453, 66.97903796938265 24.970103812069823, 66.97408734705476 24.970036506417202)))"
12470.025390625,0,0.266117033,3741.0076171875,High Deficit,"MULTIPOLYGON (((66.96913674262355 24.96996903632976, 66.9690626265758 24.974481750020637, 66.97401341137692 24.97454923394031, 66.97408734705476 24.970036506417202, 66.96913674262355 24.96996903632976)))"
14788.7822265625,0,0.024937749,4436.63466796875,High Deficit,"MULTIPOLYGON (((66.97401341137692 24.97454923394031, 66.97393945779953 24.97906195852302, 66.97889044091659 24.979129291773678, 66.97896421407756 24.974616553391453, 66.97401341137692 24.97454923394031)))"
0,0,0.505467398,0,Adequate,"MULTIPOLYGON (((66.9690626265758 24.974481750020637, 66.9689884925849 24.97899446077014, 66.97393945779953 24.97906195852302, 66.97401341137692 24.97454923394031, 66.9690626265758 24.974481750020637)))"
14369.2822265625,0,0.005046721,4310.78466796875,High Deficit,"MULTIPOLYGON (((66.97889044091659 24.979129291773678, 66.97393945779953 24.97906195852302, 66.97391767729373 24.98039081899217, 66.97706509400007 24.98006352500005, 66.97702854500005 24.982311259000024, 66.97883782379671 24.982347236314585, 66.97889044091659 24.979129291773678)))"
16851.11719,0,0.443472478,5055.335156,High Deficit,"MULTIPOLYGON (((66.97393945779953 24.97906195852302, 66.9689884925849 24.97899446077014, 66.96898034506097 24.979490352960475, 66.96924371000006 24.980876729000045, 66.97391767729373 24.98039081899217, 66.97393945779953 24.97906195852302)))"
52.52461624145508,0,1.305434495,15.7573848724365,Low Deficit,"MULTIPOLYGON (((66.98974543569608 24.920597279314823, 66.99294771286304 24.92064043456933, 66.99285824600008 24.920248630000057, 66.99279162100004 24.920001166000077, 66.99279162100004 24.91977273800006, 66.99289631700003 24.919458649000028, 66.99289631700003 24.919211185000044, 66.99284872800007 24.918992275000054, 66.99278210300008 24.918659150000053, 66.99276306800004 24.918373615000064, 66.99280113900005 24.918059526000036, 66.99284499200007 24.91772757500007, 66.99283476500005 24.917477017000063, 66.99273249600003 24.917384975000065, 66.99236432800006 24.91719066400003, 66.99182741600005 24.916996353000062, 66.99159219800003 24.91691965100006, 66.99142856800006 24.916899197000077, 66.99127516400006 24.916940105000034, 66.99116266800007 24.91694521800002, 66.99097858400006 24.91665886500004, 66.99084563500003 24.916392966000046, 66.99074336600006 24.91619865500007, 66.99066666400006 24.916147521000028, 66.99044650000008 24.916125811000033, 66.99030015600005 24.91609096800004, 66.98994126600007 24.916101421000068, 66.98981814284339 24.91611373317568, 66.98974543569608 24.920597279314823)))"
9874.931641,7,0,-537.5205078,Adequate,"MULTIPOLYGON (((66.98974543569608 24.920597279314823, 66.98967223641293 24.92511008041692, 66.99462111075462 24.925176755830062, 66.99464053298027 24.923976511583298, 66.99366726300008 24.92443648200003, 66.99366726300008 24.924103357000032, 66.99339818100003 24.922630673000068, 66.99335587200005 24.92258836300004, 66.99313426400005 24.92145739600005, 66.99294771286304 24.92064043456933, 66.98974543569608 24.920597279314823)))"
9868.798828,0,0.460367594,2960.6396484375,Moderate Deficit,"MULTIPOLYGON (((66.99869419268005 24.925231508535827, 66.99863557700007 24.925083695000062, 66.99840714900006 24.925150320000053, 66.99820006049572 24.925224872060813, 66.99869419268005 24.925231508535827)), ((66.99462111075462 24.925176755830062, 66.9971730939878 24.925211074077993, 66.99693188300006 24.92500755200006, 66.99594202800006 24.923322894000023, 66.99471080800004 24.923943299000026, 66.99464053298027 24.923976511583298, 66.99462111075462 24.925176755830062)))"
460.58001708984375,0,0.923512815,138.174005126953,Low Deficit,"MULTIPOLYGON (((66.99462111075462 24.925176755830062, 66.99454807367933 24.929689567687042, 66.99949714566304 24.92975609264699, 66.99953917313191 24.927153013269294, 66.99870220200006 24.92697774600003, 66.99874979200007 24.92685401400007, 66.99887352400003 24.926378122000074, 66.99897822000008 24.926054515000036, 66.99894014800005 24.92585464000006, 66.99885448800006 24.925635730000064, 66.99869419268005 24.925231508535827, 66.99820006049572 24.925224872060813, 66.99793125700006 24.92532164100004, 66.99745536500006 24.925321641000032, 66.99723645400007 24.925264534000057, 66.9971730939878 24.925211074077993, 66.99462111075462 24.925176755830062)))"
12763.0400390625,0,0.350370167,3828.91201171875,High Deficit,"MULTIPOLYGON (((66.99949714566304 24.92975609264699, 67.00038613559823 24.929768024950555, 67.00050107500005 24.92929058200008, 67.00081516400007 24.928091334000047, 67.00092937800008 24.927444120000068, 66.99953917313191 24.927153013269294, 66.99949714566304 24.92975609264699)))"
186.0851287841797,0,0.634078916,55.8255386352539,Low Deficit,"MULTIPOLYGON (((66.98967223641293 24.92511008041692, 66.98959901939233 24.929622878586162, 66.99454807367933 24.929689567687042, 66.99462111075462 24.925176755830062, 66.98967223641293 24.92511008041692)))"
3852.7690429687505,0,0.37686028,1155.83071289062,Moderate Deficit,"MULTIPOLYGON (((66.99949714566304 24.92975609264699, 66.99945708209252 24.932237193401114, 66.99953977300004 24.932193524000073, 67.00010132500007 24.931879436000035, 67.00015843200005 24.931755704000064, 67.00014891500007 24.931327401000036, 67.00015843200005 24.93094668700007, 67.00025361100006 24.930318509000067, 67.00038613559823 24.929768024950555, 66.99949714566304 24.92975609264699)))"
12876.7724609375,0,0.315790915,3863.03173828125,High Deficit,"MULTIPOLYGON (((67.01427213257051 24.93446754600101, 67.01642736663558 24.93449625516895, 67.01632096700007 24.93433339800004, 67.01604296100004 24.93395500100007, 67.01589623600006 24.933700162000036, 67.01585762400005 24.93356888200003, 67.01582673400003 24.933522548000038, 67.01574178800007 24.93351482500003, 67.01560278500006 24.933483936000073, 67.01545606000009 24.933414434000046, 67.01516260900007 24.933252264000036, 67.01486143600005 24.933097816000046, 67.01462976400006 24.932943368000046, 67.01445987200003 24.93281208800005, 67.01429909875891 24.93278529247035, 67.01427213257051 24.93446754600101)))"
12600.818359375,0,0.123531164,3780.2455078125,High Deficit,"MULTIPOLYGON (((67.01427213257051 24.93446754600101, 67.01429909875891 24.93278529247035, 67.0141355310001 24.93275803100004, 67.01390386000003 24.93272714100004, 67.01372624500004 24.932758031000045, 67.01341734900006 24.93292020100005, 67.01313934300003 24.933097816000046, 67.01280728000006 24.933344933000054, 67.01238254900005 24.933692440000073, 67.01174159100003 24.934248452000077, 67.0115710040823 24.934431521128584, 67.01427213257051 24.93446754600101)))"
964.3017578,0,0.187711646,289.29052734375,Low Deficit,"MULTIPOLYGON (((67.00925029540062 24.938914346782525, 67.01419978025693 24.93898040641485, 67.01427213257051 24.93446754600101, 67.0115710040823 24.934431521128584, 67.01142497300003 24.93458823700007, 67.01105429800003 24.93494346700004, 67.01080718200006 24.93513652700005, 67.01033611600008 24.93538364300002, 67.00929816139076 24.935936324700656, 67.00925029540062 24.938914346782525)))"
10980.779296875,0,1.351624056,3294.2337890625,High Deficit,"MULTIPOLYGON (((67.00430082811593 24.938848122935013, 67.00925029540062 24.938914346782525, 67.00929816139076 24.935936324700656, 67.00855224400004 24.936333497000074, 67.00687803000005 24.937333160000033, 67.00589331400005 24.937851309000056, 67.00430340975409 24.93868791452088, 67.00430082811593 24.938848122935013)))"
15993.42969,0,0.049464776,4798.028906,High Deficit,"MULTIPOLYGON (((66.98959901939233 24.929622878586162, 66.98952578463143 24.934135673822112, 66.99447501890731 24.9342023766117, 66.99454807367933 24.929689567687042, 66.98959901939233 24.929622878586162)))"
12146.1064453125,0,0.079146992,3643.83193359375,High Deficit,"MULTIPOLYGON (((66.99949714566304 24.92975609264699, 66.99454807367933 24.929689567687042, 66.99447501890731 24.9342023766117, 66.99579273867884 24.93422010832817, 66.99699850800005 24.933535540000033, 66.99945708209252 24.932237193401114, 66.99949714566304 24.92975609264699)))"
3604.1806640625,0,1.851562631,1081.25419921875,Moderate Deficit,"MULTIPOLYGON (((66.98952578463143 24.934135673822112, 66.98945253212742 24.93864846612435, 66.99440194643576 24.938715182603623, 66.99447501890731 24.9342023766117, 66.98952578463143 24.934135673822112)))"
9462.724609,0,0.101468024,2838.8173828125,Moderate Deficit,"MULTIPOLYGON (((67.00430082811593 24.938848122935013, 67.00430340975409 24.93868791452088, 67.00400643541983 24.938844178780613, 67.00430082811593 24.938848122935013)), ((66.99935137844645 24.938781734874617, 67.00027617060256 24.938794151808608, 66.99937333827638 24.93742230242993, 66.99935137844645 24.938781734874617)))"
3574.39111328125,0,0.309076663,1072.31733398437,Moderate Deficit,"MULTIPOLYGON (((66.99447501890731 24.9342023766117, 66.99440194643576 24.938715182603623, 66.99935137844645 24.938781734874617, 66.99937333827638 24.93742230242993, 66.99908291600008 24.936981, 66.99768379300008 24.937704356000044, 66.99552324200005 24.934373111000063, 66.99579273867884 24.93422010832817, 66.99447501890731 24.9342023766117)))"
16350.23828,4,0,2905.071484,Moderate Deficit,"MULTIPOLYGON (((66.99935137844645 24.938781734874617, 66.99927846835138 24.943294551590352, 67.00422809810253 24.94336095327404, 67.00430082811593 24.938848122935013, 67.00400643541983 24.938844178780613, 67.00288053600008 24.93943660400004, 67.00128153800006 24.940321763000043, 67.00027617060256 24.938794151808608, 66.99935137844645 24.938781734874617)))"
13127.28906,0,0.798924772,3938.186719,High Deficit,"MULTIPOLYGON (((66.98945253212742 24.93864846612435, 66.98937926187745 24.94316125549247, 66.99432885626182 24.943227985662393, 66.99440194643576 24.938715182603623, 66.98945253212742 24.93864846612435)))"
15836.4091796875,0,0.356490943,4750.92275390625,High Deficit,"MULTIPOLYGON (((66.99440194643576 24.938715182603623, 66.99432885626182 24.943227985662393, 66.99927846835138 24.943294551590352, 66.99935137844645 24.938781734874617, 66.99440194643576 24.938715182603623)))"
12560.361328125,0,0.021652362,3768.1083984375,High Deficit,"MULTIPOLYGON (((66.99927846835138 24.943294551590352, 66.9992055405947 24.947807365373485, 67.00415535047114 24.94787378068142, 67.00422809810253 24.94336095327404, 66.99927846835138 24.943294551590352)))"
14991.845703125,0,0.163943617,4497.5537109375,High Deficit,"MULTIPOLYGON (((66.99432885626182 24.943227985662393, 66.99425574838268 24.947740785787595, 66.9992055405947 24.947807365373485, 66.99927846835138 24.943294551590352, 66.99432885626182 24.943227985662393)))"
4448.32763671875,0,0.770850062,1334.49829101562,Moderate Deficit,"MULTIPOLYGON (((67.01914928264127 24.939046301829713, 67.0192593671592 24.939047765575214, 67.01923787700008 24.938975669000055, 67.01915496717758 24.93869089210005, 67.01914928264127 24.939046301829713)))"
0,0,1.059768919,0,Adequate,"MULTIPOLYGON (((67.01427213257051 24.93446754600101, 67.01419978025693 24.93898040641485, 67.01914928264127 24.939046301829713, 67.01915496717758 24.93869089210005, 67.01909987500005 24.938501662000075, 67.01897987300003 24.938243659000022, 67.01885387100003 24.937943654000033, 67.01871586900006 24.93779965200002, 67.01838586400004 24.937367646000038, 67.01781138800004 24.936511112000062, 67.01732487800007 24.935792930000044, 67.01669936400003 24.934912577000034, 67.01642736663558 24.93449625516895, 67.01427213257051 24.93446754600101)))"
0,0,0.200110875,0,Adequate,"MULTIPOLYGON (((67.01914928264127 24.939046301829713, 67.01907709288976 24.943559172836498, 67.02064324672132 24.943579993156668, 67.02055093100006 24.94323808200005, 67.01989188600004 24.941069700000067, 67.01971188300007 24.940553692000034, 67.01942387900004 24.939599678000032, 67.0192593671592 24.939047765575214, 67.01914928264127 24.939046301829713)))"
3802.156494140625,0,0.309140027,1140.64694824219,Moderate Deficit,"MULTIPOLYGON (((67.01907709288976 24.943559172836498, 67.019004885651 24.94807204091451, 67.02309565571751 24.948126397780918, 67.02261630300006 24.94753062900002, 67.02227366100004 24.947035702000047, 67.02194053600005 24.946559809000064, 67.02162644700007 24.946112471000042, 67.02129332300007 24.945503329000072, 67.02102682300006 24.944837080000067, 67.02080791300006 24.944189866000038, 67.02064324672132 24.943579993156668, 67.01907709288976 24.943559172836498)))"
16147.5625,0,0.356495385,4844.26875,High Deficit,"MULTIPOLYGON (((67.02393803004232 24.94918622336803, 67.02328255200007 24.94835868200005, 67.02309565571751 24.948126397780918, 67.019004885651 24.94807204091451, 67.01893668925274 24.952333230096922, 67.01916148300006 24.952374858000038, 67.01973677900008 24.952469428000033, 67.02033571800007 24.952532474000066, 67.02065883000007 24.95251671200003, 67.02110803400006 24.952374858000034, 67.02132961000007 24.95222312500005, 67.02171508200007 24.951994697000032, 67.02204344800003 24.951709161000053, 67.02272873300006 24.95129513500007, 67.02338546400006 24.950938216000043, 67.02391586319855 24.950574795341353, 67.02393803004232 24.94918622336803)))"
3454.51220703125,0,1.382487791,1036.35366210937,Moderate Deficit,"MULTIPOLYGON (((67.01419978025693 24.93898040641485, 67.01412741041531 24.943493263899406, 67.01907709288976 24.943559172836498, 67.01914928264127 24.939046301829713, 67.01419978025693 24.93898040641485)))"
14942.9306640625,0,0.125607909,4482.87919921875,High Deficit,"MULTIPOLYGON (((67.00925029540062 24.938914346782525, 67.00917774547172 24.943427190711148, 67.01412741041531 24.943493263899406, 67.01419978025693 24.93898040641485, 67.00925029540062 24.938914346782525)))"
1584.709716796875,0,0.477197293,475.412915039063,Low Deficit,"MULTIPOLYGON (((67.00430082811593 24.938848122935013, 67.00422809810253 24.94336095327404, 67.00917774547172 24.943427190711148, 67.00925029540062 24.938914346782525, 67.00430082811593 24.938848122935013)))"
13672.01953,0,0.280625056,4101.605859,High Deficit,"MULTIPOLYGON (((67.00422809810253 24.94336095327404, 67.00415535047114 24.94787378068142, 67.0091051779684 24.9479400317091, 67.00917774547172 24.943427190711148, 67.00422809810253 24.94336095327404)))"
9070.363281,0,0.45618954,2721.108984,Moderate Deficit,"MULTIPOLYGON (((67.00917774547172 24.943427190711148, 67.0091051779684 24.9479400317091, 67.01405502304289 24.948006118454224, 67.01412741041531 24.943493263899406, 67.00917774547172 24.943427190711148)))"
15257.6591796875,0,0.200969117,4577.29775390625,High Deficit,"MULTIPOLYGON (((67.01412741041531 24.943493263899406, 67.01405502304289 24.948006118454224, 67.019004885651 24.94807204091451, 67.01907709288976 24.943559172836498, 67.01412741041531 24.943493263899406)))"
15938.1943359375,0,0.130616207,4781.45830078125,High Deficit,"MULTIPOLYGON (((67.00415535047114 24.94787378068142, 67.0040825852189 24.95238660515675, 67.00903259288783 24.952452869775954, 67.0091051779684 24.9479400317091, 67.00415535047114 24.94787378068142)))"
8709.0283203125,0,0.010808167,2612.70849609375,Moderate Deficit,"MULTIPOLYGON (((67.01405502304289 24.948006118454224, 67.0091051779684 24.9479400317091, 67.00903259288783 24.952452869775954, 67.01157386461847 24.952486825274534, 67.01158805800003 24.95238273900003, 67.01155653500007 24.952185720000045, 67.01152501200005 24.952067508000027, 67.01179295800006 24.951980820000074, 67.01197421600006 24.951949296000066, 67.01224216300005 24.951949296000066, 67.01256527400005 24.951925654000036, 67.01293567100004 24.951838966000025, 67.01317997500007 24.951768039000054, 67.01376315200008 24.951665589000072, 67.01399712296578 24.95161500114409, 67.01405502304289 24.948006118454224)))"
3513.816406,0,0.225069133,1054.144922,Moderate Deficit,"MULTIPOLYGON (((67.019004885651 24.94807204091451, 67.01405502304289 24.948006118454224, 67.01399712296578 24.95161500114409, 67.01463791800008 24.951476450000033, 67.01533930700003 24.95133459600004, 67.01572546500006 24.951303073000073, 67.01600129200006 24.951342477000026, 67.01616678800008 24.951444927000065, 67.01639533100007 24.951547377000058, 67.01667903900005 24.95165770800002, 67.01694698500006 24.95170499200003, 67.01728585800004 24.95172075400006, 67.01753016200007 24.951768039000058, 67.01766413600006 24.951838966000025, 67.01790055900005 24.952020223000034, 67.01813698200004 24.952138435000045, 67.01852314000007 24.952256647000073, 67.01893668925274 24.952333230096922, 67.019004885651 24.94807204091451)))"
1003.7349853515624,0,0.147212495,301.120495605469,Low Deficit,"MULTIPOLYGON (((67.00903259288783 24.952452869775954, 67.00900309343709 24.95428662837625, 67.00913713700004 24.954282006000028, 67.00931839500004 24.954203198000066, 67.00947601100006 24.954108629000082, 67.00957058000006 24.953880086000026, 67.00971243400005 24.95365154400002, 67.00984640700005 24.95357273600007, 67.01010647300006 24.953470286000027, 67.01035077700004 24.953352074000065, 67.01053203400005 24.953257505000064, 67.01071329200005 24.953123532000067, 67.01107580800004 24.95285558600005, 67.01140680000003 24.952697970000028, 67.01156441600006 24.95255611600004, 67.01157386461847 24.952486825274534, 67.00903259288783 24.952452869775954)))"
15249.3544921875,0,0.33600176,4574.80634765625,High Deficit,"MULTIPOLYGON (((66.99425574838268 24.947740785787595, 66.99418262279553 24.9522535829788, 66.99913259517359 24.952320176223598, 66.9992055405947 24.947807365373485, 66.99425574838268 24.947740785787595)))"
14842.994140625,0,0.189479537,4452.8982421875,High Deficit,"MULTIPOLYGON (((66.9893059738787 24.947674041926046, 66.98923266812832 24.952186825424665, 66.99418262279553 24.9522535829788, 66.99425574838268 24.947740785787595, 66.9893059738787 24.947674041926046)))"
12473.826171875,0,0.002860548,3742.1478515625,High Deficit,"MULTIPOLYGON (((66.9992055405947 24.947807365373485, 66.99913259517359 24.952320176223598, 67.0040825852189 24.95238660515675, 67.00415535047114 24.94787378068142, 66.9992055405947 24.947807365373485)))"
17510.919921875,3,0,3753.2759765625,High Deficit,"MULTIPOLYGON (((66.99418262279553 24.9522535829788, 66.99410947949754 24.95676637723561, 66.99905963208525 24.956832984140274, 66.99913259517359 24.952320176223598, 66.99418262279553 24.9522535829788)))"
15817.01172,0,0.050653343,4745.103516,High Deficit,"MULTIPOLYGON (((67.00903259288783 24.952452869775954, 67.0040825852189 24.95238660515675, 67.00403189910215 24.955529457474068, 67.00406979900005 24.95550352600003, 67.00423529500006 24.95547200300007, 67.00439291100008 24.955503526000033, 67.00462145300008 24.955605976000072, 67.00491304200006 24.955802995000056, 67.00513370400006 24.956031538000047, 67.00532284200006 24.956157630000064, 67.00552774200008 24.95615763000006, 67.00568535800006 24.956110346000056, 67.00585873500006 24.955976372000062, 67.00592178100004 24.95583451800007, 67.00604787400005 24.955519287000072, 67.00615820400003 24.955274983000038, 67.00629217800008 24.955180414000043, 67.00666257400007 24.955085845000042, 67.00717482400007 24.955007037000033, 67.00755310200003 24.954967633000024, 67.00775012100007 24.95490458700004, 67.00791561700004 24.954762733000056, 67.00798654400006 24.95461299800007, 67.00799442500005 24.954392337000062, 67.00788409400008 24.954195317000032, 67.00776588200006 24.95399829800004, 67.00767919400005 24.953872206000025, 67.00770283600009 24.95383280200008, 67.00784469000007 24.953880086000026, 67.00808899400006 24.95398253600007, 67.00832541700004 24.95414015200003, 67.00849091400005 24.954250483000067, 67.00869581400008 24.954282006000028, 67.00890859500004 24.954289887000076, 67.00900309343709 24.95428662837625, 67.00903259288783 24.952452869775954)), ((67.00400980234302 24.956899426699604, 67.00449223600043 24.95690589325648, 67.00450324200006 24.956740808000063, 67.00449536100007 24.956449219000028, 67.00446383800005 24.956236438000076, 67.00438503000004 24.95603941900003, 67.00423529500006 24.955913326000026, 67.00407768000008 24.95584239900006, 67.00402710659772 24.95582659485242, 67.00400980234302 24.956899426699604)))"
15550.46484,0,0.213677435,4665.139453,High Deficit,"MULTIPOLYGON (((67.0040825852189 24.95238660515675, 66.99913259517359 24.952320176223598, 66.99905963208525 24.956832984140274, 67.00400980234302 24.956899426699604, 67.00402710659772 24.95582659485242, 67.00395158700007 24.955802995000056, 67.00390430300007 24.95573206800003, 67.00392006400006 24.955605976000072, 67.00403189910215 24.955529457474068, 67.0040825852189 24.95238660515675)))"
0,0,0.443508677,0,Adequate,"MULTIPOLYGON (((66.99410947949754 24.95676637723561, 66.99403631848585 24.961279168557603, 66.99898665132683 24.961345789123104, 66.99905963208525 24.956832984140274, 66.99410947949754 24.95676637723561)))"
2396.41650390625,0,0.538823936,718.924951171875,Low Deficit,"MULTIPOLYGON (((67.00400980234302 24.956899426699604, 66.99905963208525 24.956832984140274, 66.99898665132683 24.961345789123104, 67.00033001618323 24.961363839455167, 67.000421 24.961280134000045, 67.00053133100005 24.961114638000023, 67.00059437700008 24.961004307000056, 67.00068894700007 24.96092549900004, 67.00075987400004 24.960838811000027, 67.00088596600006 24.96071271800002, 67.00101993900006 24.960657553000033, 67.00110662800006 24.96055510300004, 67.00123272000008 24.960444772000073, 67.00124060100006 24.960334441000047, 67.00119331600007 24.960263514000076, 67.00118543500008 24.96016894500007, 67.00142185900006 24.960098018000053, 67.00157947400004 24.960074375000033, 67.00162675900003 24.95994828300007, 67.00173709000008 24.959845833000028, 67.00184742100004 24.959751264000037, 67.00202867800004 24.959672456000078, 67.00217841300008 24.959633052000072, 67.00228086300007 24.95954636300007, 67.00228874400005 24.95940450900002, 67.00228086300007 24.959317821000067, 67.00214689000006 24.959160205000043, 67.00209172500007 24.959081398000023, 67.00213112800003 24.958986828000032, 67.00220993600004 24.95896318600006, 67.00240695600007 24.95874252400006, 67.00265126000006 24.958553386000066, 67.00286404000008 24.95840365100003, 67.00312410600003 24.95823815500006, 67.00333688700005 24.958119943000035, 67.00341569500006 24.957946566000032, 67.00342357600005 24.957781070000067, 67.00339993300008 24.957639216000075, 67.00337629100005 24.95747372000005, 67.00337629100005 24.957347627000047, 67.00343145600004 24.957268820000028, 67.00352602600003 24.95733186600006, 67.00373092600006 24.957465839000065, 67.00389642200008 24.95752888500004, 67.00400003471573 24.957504974219333, 67.00400980234302 24.956899426699604)))"
541.6573486328125,0,1.161959921,162.497204589844,Low Deficit,"MULTIPOLYGON (((66.99898665132683 24.961345789123104, 66.99403631848585 24.961279168557603, 66.99396313975767 24.965791956944358, 66.99762205713036 24.965841222083913, 66.99783610600008 24.965724891000036, 66.99802524500006 24.965646083000028, 66.99809617200003 24.96555939500007, 66.99809617200003 24.96545694500002, 66.99804100600005 24.965291448000073, 66.99797007900008 24.96512595200005, 66.99793067500008 24.965031383000053, 66.99787551000003 24.96483436300002, 66.99791491400003 24.964771317000046, 66.99800160200004 24.964747675000073, 66.99810405200003 24.964755556000053, 66.99835623700005 24.96472403300003, 66.99845080700004 24.96465310600007, 66.99859266100003 24.964495490000044, 66.99871875300005 24.964361517000043, 66.99872663400004 24.964235424000037, 66.99873451400003 24.964117213000062, 66.99870299100007 24.96396747800003, 66.99864782600008 24.963809863000055, 66.99853749500005 24.963581320000063, 66.99843504500006 24.96335277800005, 66.99840352200005 24.96320304300007, 66.99841140300003 24.963076951000065, 66.99847444900007 24.962998143000043, 66.99861630300006 24.96299814300005, 66.99883696500007 24.963013904000036, 66.99895992519046 24.962998140291578, 66.99898665132683 24.961345789123104)))"
16360.6611328125,1,0,4408.19833984375,High Deficit,"MULTIPOLYGON (((66.99898665132683 24.961345789123104, 66.99895992519046 24.962998140291578, 66.99914431500008 24.96297450100007, 66.99926252600005 24.96294297700007, 66.99934133400006 24.96283264700002, 66.99938073800007 24.962714435000066, 66.99946742700007 24.96257258100007, 66.99956199600007 24.962454369000056, 66.99965656500007 24.962383442000025, 66.99969596900007 24.962288873000038, 66.99968808800003 24.962170661000073, 66.99969596900007 24.96205245000004, 66.99976689600004 24.961981523000077, 66.99989298800006 24.961957881000043, 66.99999543800004 24.961902715000065, 67.00006636500007 24.96183178800004, 67.00009000800003 24.961626888000065, 67.00009000800003 24.96155596100004, 67.00022398100003 24.961461392000047, 67.00033001618323 24.961363839455167, 66.99898665132683 24.961345789123104)))"
7836.844726562499,0,0.356017394,2351.05341796875,Moderate Deficit,"MULTIPOLYGON (((67.02391586319855 24.950574795341353, 67.02415640900006 24.95040997600006, 67.02466264000003 24.95007189400007, 67.02451987200004 24.949891055000027, 67.02404398000004 24.949319984000056, 67.02393803004232 24.94918622336803, 67.02391586319855 24.950574795341353)))"
17251.20313,7,0,1675.360938,Moderate Deficit,"MULTIPOLYGON (((67.00400980234302 24.956899426699604, 67.00400003471573 24.957504974219333, 67.00410132200005 24.957481600000044, 67.00421953400007 24.957434316000047, 67.00435350700008 24.957331866000057, 67.00444807600007 24.957213654000043, 67.00448748000008 24.956977231000053, 67.00449223600043 24.95690589325648, 67.00400980234302 24.956899426699604)))"
5910.07958984375,0,0.049883146,1773.02387695312,Moderate Deficit,"MULTIPOLYGON (((66.99396313975767 24.965791956944358, 66.99388994331015 24.970304742395463, 66.99743307958771 24.970352458035013, 66.99741851000005 24.97032477600004, 66.99743139600008 24.97017014200003, 66.99749582700008 24.970021951000035, 66.99753448500007 24.96990597600006, 66.99752087500008 24.96976772800008, 66.99738690200007 24.96964163600006, 66.99735537900006 24.969468259000042, 66.99741054400005 24.96937369000005, 66.99752087500008 24.969271240000072, 66.99756027900008 24.969184551000062, 66.99754451700005 24.96911362400004, 66.99745782900004 24.969034816000033, 66.99737114000004 24.96901117400005, 66.9973317370001 24.968948128000022, 66.99737902100003 24.968853559000028, 66.99745782900004 24.968782632000057, 66.99748935200006 24.968656539000044, 66.99747359100007 24.968538328000022, 66.99737114000004 24.968435877000047, 66.99732385600004 24.968396474000027, 66.99733961700008 24.968317666000072, 66.99741842500003 24.968246739000044, 66.99753663700005 24.968160050000055, 66.99758392100006 24.968018196000056, 66.99755239800004 24.967915746000077, 66.99746571000003 24.967813296000035, 66.9973317370001 24.967655681000053, 66.99725292900007 24.967505946000074, 66.99725292900007 24.96735621100004, 66.99734749800007 24.967340450000048, 66.99754451700005 24.96727740400007, 66.99766272900007 24.96722223800003, 66.99779670200007 24.96708826500003, 66.99788339100007 24.966946411000038, 66.99789127200006 24.96678879600006, 66.99783610600008 24.966631180000036, 66.99768637100004 24.966505088000076, 66.99754451700005 24.966449922000038, 66.99740266400005 24.966402638000034, 66.99729233300008 24.966410518000032, 66.99723716700004 24.96635535300004, 66.99726869000006 24.966276545000024, 66.99736326000004 24.966142572000027, 66.99731597500005 24.96609528700003, 66.99732385600004 24.966024360000056, 66.99747359100007 24.965921910000077, 66.99762205713036 24.965841222083913, 66.99396313975767 24.965791956944358)))"
14819.845703125,0,0.351743104,4445.9537109375,High Deficit,"MULTIPOLYGON (((66.99388994331015 24.970304742395463, 66.99381672914046 24.974817524910502, 66.99749285052822 24.97486703817329, 66.99754737200004 24.974764054000048, 66.99759247300005 24.97462230700006, 66.99757314400006 24.974487002000046, 66.99755381500006 24.974274381000043, 66.99753448500007 24.974106861000053, 66.99744428200006 24.974035987000036, 66.99730897800004 24.973952227000044, 66.99718655900006 24.973887796000042, 66.99707702700005 24.973829808000062, 66.99704481200007 24.97377182100007, 66.99713501500008 24.973700947000058, 66.99720588900004 24.973668732000075, 66.99723810400008 24.973572085000054, 66.99721233200006 24.97349476900007, 66.99716723000006 24.973385236000073, 66.99716723000006 24.97332080600006, 66.99727676200007 24.973295033000056, 66.99743783900004 24.973269261000045, 66.99755381500006 24.973198387000025, 66.99762468800003 24.973082412000046, 66.99765046100003 24.972927778000034, 66.99762468800003 24.972773144000026, 66.99757314400006 24.972644283000022, 66.99752159900004 24.97254119400003, 66.99750871300006 24.97241233200003, 66.99755381500006 24.972277027000075, 66.99757314400006 24.97218038100004, 66.99756670100004 24.972051520000033, 66.99752804200006 24.971954874000062, 66.99745072500008 24.971851785000062, 66.99734119300007 24.97183245500003, 66.99725743300007 24.97177446800003, 66.99726387600003 24.971645606000035, 66.99734763600003 24.971536074000028, 66.99745072500008 24.971432985000035, 66.99750227000006 24.971271908000062, 66.99750227000006 24.971104388000068, 66.99750227000006 24.970988413000036, 66.99758603000004 24.970917539000027, 66.99766334700007 24.970743576000075, 66.99764401800007 24.97058249900005, 66.99758603000004 24.970518068000043, 66.99748294100006 24.97044719400003, 66.99743307958771 24.970352458035013, 66.99388994331015 24.970304742395463)))"
224.0522918701172,0,0.916300584,67.2156875610352,Low Deficit,"MULTIPOLYGON (((66.99381672914046 24.974817524910502, 66.99374349724576 24.979330304489057, 66.99762386669889 24.979382574892714, 66.99758603000004 24.97925487700007, 66.99758603000004 24.979126015000077, 66.99768267600007 24.978964939000036, 66.99779220800009 24.978855406000037, 66.99792751300004 24.978707216000032, 66.99795328500005 24.97854613900006, 66.99791462700006 24.978404391000026, 66.99785663900008 24.978269087000054, 66.99777932200004 24.978133782000043, 66.99772777800007 24.97803713600007, 66.99765690400005 24.977940490000034, 66.99763757500006 24.97781162800004, 66.99763113200004 24.977560348000058, 66.99766334700007 24.977373499000066, 66.99770844800008 24.977205979000075, 66.99771489200003 24.977070675000054, 66.99766334700007 24.97694825600007, 66.99759891600007 24.97678718000003, 66.99757958700008 24.976587444000074, 66.99755381500006 24.976458583000067, 66.99745072500008 24.976271734000083, 66.99732830700003 24.97618153100006, 66.99725099000005 24.97609777100007, 66.99725743300007 24.97598179500005, 66.99732186400007 24.975833605000048, 66.99737340900003 24.975685414000054, 66.99741206700003 24.97526017100006, 66.99745072500008 24.974996005000033, 66.99748938400006 24.974873586000058, 66.99749285052822 24.97486703817329, 66.99381672914046 24.974817524910502)))"
2439.9052734375,0,0.853741064,731.97158203125,Low Deficit,"MULTIPOLYGON (((66.99374349724576 24.979330304489057, 66.99367024762324 24.983843081130722, 66.99724454700049 24.983891240417783, 66.99724454700004 24.983823017000077, 66.99725099000005 24.983726371000046, 66.99735407900005 24.983629724000025, 66.99748294100006 24.983520192000068, 66.99761824500007 24.983417103000075, 66.99775999300005 24.98328179800006, 66.99785663900008 24.983165823000036, 66.99789529800006 24.983036962000032, 66.99790174100008 24.98290810000003, 66.99789529800006 24.98275346600008, 66.99788885500004 24.982540845000063, 66.99783731000008 24.982347553000068, 66.99779220800009 24.982173590000063, 66.99777932200004 24.981999627000047, 66.99779865100004 24.981748347000057, 66.99777287900008 24.98161304200005, 66.99772133500005 24.981497067000078, 66.99765046100003 24.981439079000033, 66.99759247300005 24.981374648000042, 66.99756670100004 24.981239344000073, 66.99757958700008 24.980981621000065, 66.99762468800003 24.980820544000032, 66.99769556200005 24.980723898000065, 66.99780509500005 24.980627252000033, 66.99788241100003 24.980517720000023, 66.99794684200003 24.98040818700002, 66.99794684200003 24.980272883000048, 66.99792751300004 24.980066704000016, 66.99791462700006 24.97992495700004, 66.99786952500006 24.979821868000048, 66.99778576500006 24.979731664000045, 66.99770200500006 24.979538372000032, 66.99763757500006 24.97942884000002, 66.99762386669889 24.979382574892714, 66.99374349724576 24.979330304489057)))"
2055.84423828125,0,1.270843269,616.753271484375,Low Deficit,"MULTIPOLYGON (((66.99367024762324 24.983843081130722, 66.99366528259468 24.984148927922273, 66.99472530500003 24.984080740000028, 66.99602680600003 24.984016309000026, 66.99682574700006 24.98397765000004, 66.99714145800004 24.983938992000052, 66.99724454700004 24.98391322000003, 66.99724454700049 24.983891240417783, 66.99367024762324 24.983843081130722)))"
13458.2861328125,0,0.194320599,4037.48583984375,High Deficit,"MULTIPOLYGON (((66.9690626265758 24.974481750020637, 66.96913674262355 24.96996903632976, 66.96747177979438 24.969946308118214, 66.96733301000006 24.970856013000056, 66.96750433100004 24.971655512000037, 66.96803035205495 24.97446765838194, 66.9690626265758 24.974481750020637)))"
4582.492188,0,0.601411656,1374.747656,Moderate Deficit,"MULTIPOLYGON (((66.9689884925849 24.97899446077014, 66.9690626265758 24.974481750020637, 66.96803035205495 24.97446765838194, 66.96829587900004 24.97588714500006, 66.96888587726636 24.978993060047046, 66.9689884925849 24.97899446077014)))"
14162.08984,1,0,3748.626953,High Deficit,"MULTIPOLYGON (((66.9689884925849 24.97899446077014, 66.96888587726636 24.978993060047046, 66.96898034506097 24.979490352960475, 66.9689884925849 24.97899446077014)))"
6517.8837890625,5,0,-544.6348633,Adequate,"MULTIPOLYGON (((66.97903796938265 24.970103812069823, 66.97896421407756 24.974616553391453, 66.98391503463415 24.974683708371753, 66.9839886095636 24.97017095328529, 66.97903796938265 24.970103812069823)))"
17670.884765625,3,0,3801.2654296875,High Deficit,"MULTIPOLYGON (((66.98886587300298 24.97475069887888, 66.98879246068334 24.979263464759022, 66.99374349724576 24.979330304489057, 66.99381672914046 24.974817524910502, 66.98886587300298 24.97475069887888)))"
4745.7763671875,5,0,-1076.26709,Adequate,"MULTIPOLYGON (((66.98391503463415 24.974683708371753, 66.98384144189241 24.979196460519788, 66.98879246068334 24.979263464759022, 66.98886587300298 24.97475069887888, 66.98391503463415 24.974683708371753)))"
16358.044921875,1,0,4407.4134765625,High Deficit,"MULTIPOLYGON (((66.97896421407756 24.974616553391453, 66.97889044091659 24.979129291773678, 66.98384144189241 24.979196460519788, 66.98391503463415 24.974683708371753, 66.97896421407756 24.974616553391453)))"
10405.9306640625,3,0,1621.77919921875,Moderate Deficit,"MULTIPOLYGON (((66.98879246068334 24.979263464759022, 66.98871903059224 24.983776227701302, 66.99367024762324 24.983843081130722, 66.99374349724576 24.979330304489057, 66.98879246068334 24.979263464759022)))"
15800.2607421875,28,0,-9259.921777,Adequate,"MULTIPOLYGON (((66.98384144189241 24.979196460519788, 66.98376783133556 24.983709209728982, 66.98871903059224 24.983776227701302, 66.98879246068334 24.979263464759022, 66.98384144189241 24.979196460519788)))"
12017.537109375,1,0,3105.2611328125,High Deficit,"MULTIPOLYGON (((66.98376783133556 24.983709209728982, 66.98384144189241 24.979196460519788, 66.97889044091659 24.979129291773678, 66.97883782379671 24.982347236314585, 66.97939493600006 24.98235831000005, 66.97959831100007 24.982366223000042, 66.98132650400004 24.982433468000064, 66.98117143886064 24.983673999863818, 66.98376783133556 24.983709209728982)))"
9530.6962890625,1,0,2359.20888671875,Moderate Deficit,"MULTIPOLYGON (((66.9886455827268 24.988288987705292, 66.98871903059224 24.983776227701302, 66.98376783133556 24.983709209728982, 66.98371809865034 24.986757488706914, 66.98521973800008 24.986990122000066, 66.98483712472571 24.988237443488273, 66.9886455827268 24.988288987705292)))"
14596.837890625,1,0,3879.0513671875,High Deficit,"MULTIPOLYGON (((66.99367024762324 24.983843081130722, 66.98871903059224 24.983776227701302, 66.9886455827268 24.988288987705292, 66.99068385978225 24.988316533980928, 66.99064058500005 24.984371355000057, 66.99362353900005 24.984151613000048, 66.99366528259468 24.984148927922273, 66.99367024762324 24.983843081130722)))"
8764.001953,1,0,2129.2005859375,Moderate Deficit,"MULTIPOLYGON (((66.98376783133556 24.983709209728982, 66.98117143886064 24.983673999863818, 66.98108208600007 24.984388814000052, 66.98088131400004 24.98631797200005, 66.98371809865034 24.986757488706914, 66.98376783133556 24.983709209728982)))"
13737.8134765625,9,0,-378.655957,Adequate,"MULTIPOLYGON (((66.9886455827268 24.988288987705292, 66.98483712472571 24.988237443488273, 66.98478327700008 24.988412985000025, 66.98863578295537 24.988891019298368, 66.9886455827268 24.988288987705292)))"
1504.66845703125,0,0.967076902,451.400537109375,Low Deficit,"MULTIPOLYGON (((66.9886455827268 24.988288987705292, 66.98863578295537 24.988891019298368, 66.99069296000005 24.989146240000025, 66.99068385978225 24.988316533980928, 66.9886455827268 24.988288987705292)))"
